"Id","Name","Email","Data","Dob"
"1","name01","name01@gmail.com","Data01","1999-01-31T06:30:00.000+06:30"
"2","name02","name02@gmail.com","Data02","1999-02-01T06:30:00.000+06:30"
"3","name03","name03@gmail.com","Data03","1999-02-02T06:30:00.000+06:30"
"4","name04","name04@gmail.com","Data04","1999-02-03T06:30:00.000+06:30"
"5","name05","name05@gmail.com","Data05","1999-02-04T06:30:00.000+06:30"
"6","name06","name06@gmail.com","Data06","1999-02-05T06:30:00.000+06:30"
"7","name07","name07@gmail.com","Data07","1999-02-06T06:30:00.000+06:30"
"8","name08","name08@gmail.com","Data08","1999-02-07T06:30:00.000+06:30"
"9","name09","name09@gmail.com","Data09","1999-02-08T06:30:00.000+06:30"
"10","name10","name10@gmail.com","Data10","1999-02-09T06:30:00.000+06:30"
